0,0,-300.4,10
6.1078,8.407,-300.2202,21
9.8827,-3.211,-300.2202,31
0,-10.391,-300.2202,41
-9.8827,-3.211,-300.2202,51
-6.1078,8.407,-300.2202,11
0,16.818,-299.9289,13
12.2084,16.804,-299.6811,22
15.9942,5.197,-299.9289,23
19.7536,-6.418,-299.6811,32
9.885,-13.605,-299.9289,33
0,-20.77,-299.6811,42
-9.885,-13.605,-299.9289,43
-19.7536,-6.418,-299.6811,52
-15.9942,5.197,-299.9289,53
-12.2084,16.804,-299.6811,12
-6.1079,25.236,-299.2759,15
6.1079,25.236,-299.2759,16
18.2943,25.18,-298.7833,24
22.1129,13.607,-299.2759,25
25.8877,1.99,-299.2759,26
29.6008,-9.617,-298.7833,34
19.7744,-16.825,-299.2759,35
9.8916,-24.006,-299.2759,36
0,-31.124,-298.7833,44
-9.8916,-24.006,-299.2759,45
-19.7744,-16.825,-299.2759,46
-29.6008,-9.617,-298.7833,54
-25.8877,1.99,-299.2759,55
-22.1129,13.607,-299.2759,56
-18.2943,25.18,-298.7833,14
-12.1892,33.61,-298.265,18
0,33.638,-298.5108,19
12.1892,33.61,-298.265,110
24.3583,33.527,-297.5279,27
28.1978,21.979,-298.265,28
31.9908,10.395,-298.5108,29
35.7311,-1.206,-298.265,210
39.4126,-12.806,-297.5279,37
29.6164,-20.026,-298.265,38
19.7714,-27.213,-298.5108,39
9.8938,-34.355,-298.265,310
0,-41.44,-297.5279,47
-9.8938,-34.355,-298.265,48
-19.7714,-27.213,-298.5108,49
-29.6164,-20.026,-298.265,410
-39.4126,-12.806,-297.5279,57
-35.7311,-1.206,-298.265,58
-31.9908,10.395,-298.5108,59
-28.1978,21.979,-298.265,510
-24.3583,33.527,-297.5279,17
-18.2947,42.054,-296.8788,112
-6.1082,42.109,-297.3714,113
6.1082,42.109,-297.3714,114
18.2947,42.054,-296.8788,115
30.3932,41.833,-295.9163,211
34.3416,30.395,-296.8788,212
38.1602,18.822,-297.3714,213
41.9353,7.203,-297.3714,214
45.6484,-4.404,-296.8788,215
49.1772,-15.978,-295.9163,311
39.519,-23.268,-296.8788,312
29.6925,-30.476,-297.3714,313
19.8093,-37.657,-297.3714,314
9.9175,-44.775,-296.8788,315
0,-51.708,-295.9163,411
-9.9175,-44.775,-296.8788,412
-19.8093,-37.657,-297.3714,413
-29.6925,-30.476,-297.3714,414
-39.519,-23.268,-296.8788,415
-49.1772,-15.978,-295.9163,511
-45.6484,-4.404,-296.8788,512
-41.9353,7.203,-297.3714,513
-38.1602,18.822,-297.3714,514
-34.3416,30.395,-296.8788,515
-30.3932,41.833,-295.9163,111
-24.3201,50.35,-295.1501,117
-12.2089,50.529,-295.8681,118
0,50.571,-296.1128,119
12.2089,50.529,-295.8681,120
24.3201,50.35,-295.1501,121
36.3917,50.089,-293.9506,216
40.3703,38.689,-295.1501,217
44.283,27.226,-295.8681,218
48.0955,15.628,-296.1128,219
51.8285,4.003,-295.8681,220
55.4009,-7.57,-295.1501,221
58.883,-19.132,-293.9506,316
49.2703,-26.439,-295.1501,317
39.5773,-33.702,-295.8681,318
29.7247,-40.912,-296.1128,319
19.8229,-48.054,-295.8681,320
9.9195,-55.029,-295.1501,321
0,-61.913,-293.9506,416
-9.9195,-55.029,-295.1501,417
-19.8229,-48.054,-295.8681,418
-29.7247,-40.912,-296.1128,419
-39.5773,-33.702,-295.8681,420
-49.2703,-26.439,-295.1501,421
-58.883,-19.132,-293.9506,516
-55.4009,-7.57,-295.1501,517
-51.8285,4.003,-295.8681,518
-48.0955,15.628,-296.1128,519
-44.283,27.226,-295.8681,520
-40.3703,38.689,-295.1501,521
-36.3917,50.089,-293.9506,116
-30.3164,58.614,-293.0623,123
-18.2175,58.833,-294.0187,124
-6.1082,58.943,-294.4972,125
6.1082,58.943,-294.4972,126
18.2175,58.833,-294.0187,127
30.3164,58.614,-293.0623,128
42.3466,58.286,-291.633,222
46.3765,46.946,-293.0623,223
50.324,35.507,-294.0187,224
54.1705,24.024,-294.4972,225
57.9456,12.406,-294.4972,226
61.583,0.855,-294.0187,227
65.1131,-10.72,-293.0623,228
68.5183,-22.263,-291.633,322
58.9787,-29.599,-293.0623,323
49.3194,-36.889,-294.0187,324
39.5874,-44.095,-294.4972,325
29.7042,-51.276,-294.4972,326
19.8429,-58.304,-294.0187,327
9.9256,-65.238,-293.0623,328
0,-72.044,-291.633,422
-9.9256,-65.238,-293.0623,423
-19.8429,-58.304,-294.0187,424
-29.7042,-51.276,-294.4972,425
-39.5874,-44.095,-294.4972,426
-49.3194,-36.889,-294.0187,427
-58.9787,-29.599,-293.0623,428
-68.5183,-22.263,-291.633,522
-65.1131,-10.72,-293.0623,523
-61.583,0.855,-294.0187,524
-57.9456,12.406,-294.4972,525
-54.1705,24.024,-294.4972,526
-50.324,35.507,-294.0187,527
-46.3765,46.946,-293.0623,528
-42.3466,58.286,-291.633,122
-36.257,66.794,-290.6273,130
-24.2041,67.067,-291.8157,131
-12.1119,67.231,-292.5295,132
0,67.286,-292.7676,133
12.1119,67.231,-292.5295,134
24.2041,67.067,-291.8157,135
36.257,66.794,-290.6273,136
48.2509,66.412,-288.9663,229
52.3202,55.123,-290.6273,230
56.3045,43.745,-291.8157,231
60.1972,32.295,-292.5295,232
63.9921,20.793,-292.7676,233
67.6828,9.257,-292.5295,234
71.2635,-2.294,-291.8157,235
74.7283,-13.842,-290.6273,236
78.0715,-25.367,-288.9663,329
68.5927,-32.725,-290.6273,330
59.0022,-40.031,-291.8157,331
49.3159,-47.271,-292.5295,332
39.5493,-54.435,-292.7676,333
29.7184,-61.509,-292.5295,334
19.8391,-68.484,-291.8157,335
9.9276,-75.348,-290.6273,336
0,-82.089,-288.9663,429
-9.9276,-75.348,-290.6273,430
-19.8391,-68.484,-291.8157,431
-29.7184,-61.509,-292.5295,432
-39.5493,-54.435,-292.7676,433
-49.3159,-47.271,-292.5295,434
-59.0022,-40.031,-291.8157,435
-68.5927,-32.725,-290.6273,436
-78.0715,-25.367,-288.9663,529
-74.7283,-13.842,-290.6273,530
-71.2635,-2.294,-291.8157,531
-67.6828,9.257,-292.5295,532
-63.9921,20.793,-292.7676,533
-60.1972,32.295,-292.5295,534
-56.3045,43.745,-291.8157,535
-52.3202,55.123,-290.6273,536
-48.2509,66.412,-288.9663,129
-42.3557,75.319,-287.7034,138
-30.3251,75.648,-289.1332,139
-18.2235,75.868,-290.0899,140
-6.1137,75.978,-290.5687,141
6.1137,75.978,-290.5687,142
18.2235,75.868,-290.0899,143
30.3251,75.648,-289.1332,144
42.3557,75.319,-287.7034,145
54.0974,74.459,-285.9538,237
58.5437,63.558,-287.7034,238
62.5741,52.218,-289.1332,239
66.5231,40.776,-290.0899,240
70.3699,29.293,-290.5687,241
74.1484,17.664,-290.5687,242
77.7858,6.113,-290.0899,243
81.316,-5.464,-289.1332,244
84.721,-17.008,-287.7034,245
87.5314,-28.44,-285.9538,337
78.5377,-36.038,-287.7034,338
68.998,-43.375,-289.1332,339
59.337,-50.666,-290.0899,340
49.6047,-57.873,-290.5687,341
39.7125,-65.06,-290.5687,342
29.8508,-72.089,-290.0899,343
19.931,-79.024,-289.1332,344
10.0048,-85.83,-287.7034,345
0,-92.036,-285.9538,437
-10.0048,-85.83,-287.7034,438
-19.931,-79.024,-289.1332,439
-29.8508,-72.089,-290.0899,440
-39.7125,-65.06,-290.5687,441
-49.6047,-57.873,-290.5687,442
-59.337,-50.666,-290.0899,443
-68.998,-43.375,-289.1332,444
-78.5377,-36.038,-287.7034,445
-87.5314,-28.44,-285.9538,537
-84.721,-17.008,-287.7034,538
-81.316,-5.464,-289.1332,539
-77.7858,6.113,-290.0899,540
-74.1484,17.664,-290.5687,541
-70.3699,29.293,-290.5687,542
-66.5231,40.776,-290.0899,543
-62.5741,52.218,-289.1332,544
-58.5437,63.558,-287.7034,545
-54.0974,74.459,-285.9538,137
-48.1805,83.339,-284.5585,147
-36.4062,84.13,-286.0717,148
-24.3327,84.42,-287.2656,149
-12.2194,84.572,-287.9906,150
0,84.642,-288.2291,151
12.2194,84.572,-287.9906,152
24.3327,84.42,-287.2656,153
36.4063,84.13,-286.0717,154
48.1805,83.339,-284.5585,155
59.8791,82.417,-282.599,246
64.3708,71.576,-284.5585,247
68.7616,60.622,-286.0717,248
72.7681,49.229,-287.2656,249
76.6559,37.756,-287.9906,250
80.4986,26.156,-288.2291,251
84.2079,14.513,-287.9906,252
87.8066,2.946,-287.2656,253
91.2619,-8.627,-286.0717,254
94.148,-20.069,-284.5585,255
96.8864,-31.48,-282.599,346
87.9638,-39.102,-284.5585,347
78.9032,-46.663,-286.0717,348
69.3059,-53.994,-287.2656,349
59.5954,-61.237,-287.9906,350
49.7509,-68.476,-288.2291,351
39.824,-75.601,-287.9906,352
29.9348,-82.598,-287.2656,353
19.9967,-89.461,-286.0717,354
10.0062,-95.741,-284.5585,355
0,-101.872,-282.599,446
-10.0062,-95.741,-284.5585,447
-19.9967,-89.461,-286.0717,448
-29.9348,-82.598,-287.2656,449
-39.824,-75.601,-287.9906,450
-49.7509,-68.476,-288.2291,451
-59.5954,-61.237,-287.9906,452
-69.3059,-53.994,-287.2656,453
-78.9032,-46.663,-286.0717,454
-87.9638,-39.102,-284.5585,455
-96.8864,-31.48,-282.599,546
-94.148,-20.069,-284.5585,547
-91.2619,-8.627,-286.0717,548
-87.8066,2.946,-287.2656,549
-84.2079,14.513,-287.9906,550
-80.4986,26.156,-288.2291,551
-76.6559,37.756,-287.9906,552
-72.7681,49.229,-287.2656,553
-68.7616,60.622,-286.0717,554
-64.3708,71.576,-284.5585,555
-59.8791,82.417,-282.599,146
-53.9481,91.284,-281.064,157
-42.2024,92.137,-282.7895,158
-30.4101,92.832,-284.0733,159
-18.3091,93.055,-285.0366,160
-6.1137,93.223,-285.5038,161
6.1137,93.223,-285.5038,162
18.3091,93.055,-285.0366,163
30.4101,92.832,-284.0733,164
42.2024,92.137,-282.7895,165
53.9481,91.284,-281.064,166
65.5892,90.276,-278.9059,256
70.1453,79.516,-281.064,257
74.5863,68.609,-282.7895,258
78.8912,57.609,-284.0733,259
82.8419,46.169,-285.0366,260
86.7704,34.622,-285.5038,261
90.5489,22.993,-285.5038,262
94.1576,11.343,-285.0366,263
97.6857,-0.235,-284.0733,264
100.6687,-11.665,-282.7895,265
103.4871,-23.099,-281.064,266
106.1255,-34.482,-278.9059,356
97.3003,-42.14,-281.064,357
88.2992,-49.734,-282.7895,358
79.1676,-57.228,-284.0733,359
69.5083,-64.52,-285.0366,360
59.7408,-71.824,-285.5038,361
49.8486,-79.012,-285.5038,362
39.8834,-86.044,-285.0366,363
29.963,-92.977,-284.0733,364
20.0144,-99.346,-282.7895,365
10.0104,-105.56,-281.064,366
0,-111.587,-278.9059,456
-10.0104,-105.56,-281.064,457
-20.0144,-99.346,-282.7895,458
-29.963,-92.977,-284.0733,459
-39.8834,-86.044,-285.0366,460
-49.8486,-79.012,-285.5038,461
-59.7408,-71.824,-285.5038,462
-69.5083,-64.52,-285.0366,463
-79.1676,-57.228,-284.0733,464
-88.2992,-49.734,-282.7895,465
-97.3003,-42.14,-281.064,466
-106.1255,-34.482,-278.9059,556
-103.4871,-23.099,-281.064,557
-100.6687,-11.665,-282.7895,558
-97.6857,-0.235,-284.0733,559
-94.1576,11.343,-285.0366,560
-90.5489,22.993,-285.5038,561
-86.7704,34.622,-285.5038,562
-82.8419,46.169,-285.0366,563
-78.8912,57.609,-284.0733,564
-74.5863,68.609,-282.7895,565
-70.1453,79.516,-281.064,566
-65.5892,90.276,-278.9059,156
-59.6308,99.108,-277.2399,168
-47.9477,100.034,-279.1673,169
-36.1897,100.804,-280.6583,170
-24.375,101.416,-281.7107,171
-12.1976,101.668,-282.4095,172
0,101.752,-282.6426,173
12.1976,101.668,-282.4095,174
24.375,101.416,-281.7107,175
36.1897,100.804,-280.6583,176
47.9477,100.034,-279.1673,177
59.6308,99.108,-277.2399,178
71.2207,98.027,-274.8791,267
75.8303,87.339,-277.2399,268
80.3213,76.514,-279.1673,269
84.6867,65.569,-280.6583,270
88.9198,54.522,-281.7107,271
92.9221,43.018,-282.4095,272
96.7712,31.443,-282.6426,273
100.4606,19.817,-282.4095,274
103.9844,8.158,-281.7107,275
107.0532,-3.268,-280.6583,276
109.9546,-14.688,-279.1673,277
112.6842,-26.086,-277.2399,278
115.2376,-37.443,-274.8791,367
106.4965,-45.129,-277.2399,368
97.589,-52.746,-279.1673,369
88.5289,-60.28,-280.6583,370
79.3305,-67.719,-281.7107,371
69.6266,-75.081,-282.4095,372
59.8079,-82.318,-282.6426,373
49.8905,-89.42,-282.4095,374
39.8909,-96.374,-281.7107,375
29.9728,-102.823,-280.6583,376
20.008,-109.112,-279.1673,377
10.0118,-115.23,-277.2399,378
0,-121.168,-274.8791,467
-10.0118,-115.23,-277.2399,468
-20.008,-109.112,-279.1673,469
-29.9728,-102.823,-280.6583,470
-39.8909,-96.374,-281.7107,471
-49.8905,-89.42,-282.4095,472
-59.8079,-82.318,-282.6426,473
-69.6266,-75.081,-282.4095,474
-79.3305,-67.719,-281.7107,475
-88.5289,-60.28,-280.6583,476
-97.589,-52.746,-279.1673,477
-106.4965,-45.129,-277.2399,478
-115.2376,-37.443,-274.8791,567
-112.6842,-26.086,-277.2399,568
-109.9546,-14.688,-279.1673,569
-107.0532,-3.268,-280.6583,570
-103.9844,8.158,-281.7107,571
-100.4606,19.817,-282.4095,572
-96.7712,31.443,-282.6426,573
-92.9221,43.018,-282.4095,574
-88.9198,54.522,-281.7107,575
-84.6867,65.569,-280.6583,576
-80.3213,76.514,-279.1673,577
-75.8303,87.339,-277.2399,578
-71.2207,98.027,-274.8791,167
-65.2835,106.913,-273.0346,180
-53.6373,107.913,-275.1691,181
-41.8868,108.758,-276.871,182
-30.0914,109.444,-278.1308,183
-18.3087,109.87,-278.9869,184
-6.1133,110.038,-279.454,185
6.1133,110.038,-279.454,186
18.3087,109.87,-278.9869,187
30.0914,109.444,-278.1308,188
41.8868,108.758,-276.871,189
53.6373,107.913,-275.1691,190
65.2835,106.913,-273.0346,191
76.7671,105.661,-270.5232,279
81.5064,95.127,-273.0346,280
86.0562,84.359,-275.1691,281
90.4905,73.445,-276.871,282
94.7883,62.439,-278.1308,283
98.8343,51.364,-278.9869,284
102.7628,39.818,-279.454,285
106.5411,28.19,-279.454,286
110.1497,16.539,-278.9869,287
113.3858,5.202,-278.1308,288
116.378,-6.229,-276.871,289
119.2059,-17.665,-275.1691,290
121.8538,-29.05,-273.0346,291
124.2117,-40.358,-270.5232,379
115.6573,-48.121,-273.0346,380
106.823,-55.776,-275.1691,381
97.813,-63.366,-276.871,382
88.6738,-70.854,-278.1308,383
79.3916,-78.124,-278.9869,384
69.6243,-85.429,-279.454,385
59.7327,-92.615,-279.454,386
49.7676,-99.647,-278.9869,387
39.9849,-106.229,-278.1308,388
30.0387,-112.606,-276.871,389
20.036,-118.83,-275.1691,390
10.0263,-124.867,-273.0346,391
0,-130.604,-270.5232,479
-10.0263,-124.867,-273.0346,480
-20.036,-118.83,-275.1691,481
-30.0387,-112.606,-276.871,482
-39.9849,-106.229,-278.1308,483
-49.7676,-99.647,-278.9869,484
-59.7327,-92.615,-279.454,485
-69.6243,-85.429,-279.454,486
-79.3916,-78.124,-278.9869,487
-88.6738,-70.854,-278.1308,488
-97.813,-63.366,-276.871,489
-106.823,-55.776,-275.1691,490
-115.6573,-48.121,-273.0346,491
-124.2117,-40.358,-270.5232,579
-121.8538,-29.05,-273.0346,580
-119.2059,-17.665,-275.1691,581
-116.378,-6.228,-276.871,582
-113.3858,5.202,-278.1308,583
-110.1497,16.539,-278.9869,584
-106.5411,28.19,-279.454,585
-102.7628,39.818,-279.454,586
-98.8343,51.364,-278.9869,587
-94.7883,62.439,-278.1308,588
-90.4905,73.445,-276.871,589
-86.0562,84.359,-275.1691,590
-81.5064,95.127,-273.0346,591
-76.7671,105.661,-270.5232,179
-70.7961,114.503,-268.5466,193
-59.2612,115.66,-270.8342,194
-47.5535,116.591,-272.7372,195
-35.7711,117.339,-274.2122,196
-24.0135,117.852,-275.2718,197
-12.2188,118.183,-275.9055,198
0,118.281,-276.134,199
12.2188,118.183,-275.9055,1100
24.0135,117.852,-275.2718,1101
35.7711,117.339,-274.2122,1102
47.5535,116.591,-272.7372,1103
59.2612,115.66,-270.8342,1104
70.7961,114.503,-268.5466,1105
82.2215,113.169,-265.8435,292
87.021,102.715,-268.5466,293
91.6858,92.102,-270.8342,294
96.189,81.255,-272.7372,295
100.5413,70.28,-274.2122,296
104.6627,59.257,-275.2718,297
108.6222,48.142,-275.9055,298
112.4911,36.551,-276.134,299
116.1738,24.9,-275.9055,2100
119.5039,13.58,-275.2718,2101
122.6491,2.24,-274.2122,2102
125.5787,-9.197,-272.7372,2103
128.3113,-20.62,-270.8342,2104
130.7754,-31.948,-268.5466,2105
133.0372,-43.226,-265.8435,392
124.5781,-51.021,-268.5466,393
115.9262,-58.737,-270.8342,394
107.0016,-66.372,-272.7372,395
97.9091,-73.902,-274.2122,396
88.6987,-81.229,-275.2718,397
79.351,-88.429,-275.9055,398
69.5233,-95.69,-276.134,399
59.5805,-102.793,-275.9055,3100
49.8439,-109.458,-275.2718,3101
40.0302,-115.954,-274.2122,3102
30.0584,-122.274,-272.7372,3103
20.0395,-128.403,-270.8342,3104
10.0275,-134.247,-268.5466,3105
0,-139.883,-265.8435,492
-10.0275,-134.247,-268.5466,493
-20.0395,-128.403,-270.8342,494
-30.0584,-122.274,-272.7372,495
-40.0302,-115.954,-274.2122,496
-49.8439,-109.458,-275.2718,497
-59.5805,-102.793,-275.9055,498
-69.5233,-95.69,-276.134,499
-79.351,-88.429,-275.9055,4100
-88.6987,-81.229,-275.2718,4101
-97.9091,-73.902,-274.2122,4102
-107.0016,-66.372,-272.7372,4103
-115.9262,-58.737,-270.8342,4104
-124.5781,-51.021,-268.5466,4105
-133.0372,-43.226,-265.8435,592
-130.7754,-31.948,-268.5466,593
-128.3113,-20.62,-270.8342,594
-125.5787,-9.197,-272.7372,595
-122.6491,2.24,-274.2122,596
-119.5039,13.58,-275.2718,597
-116.1738,24.9,-275.9055,598
-112.4911,36.551,-276.134,599
-108.6222,48.142,-275.9055,5100
-104.6627,59.257,-275.2718,5101
-100.5413,70.28,-274.2122,5102
-96.189,81.255,-272.7372,5103
-91.6858,92.102,-270.8342,5104
-87.021,102.715,-268.5466,5105
-82.2215,113.169,-265.8435,192
-76.2241,121.98,-263.7254,1107
-64.733,123.22,-266.2082,1108
-53.1617,124.256,-268.2809,1109
-41.4072,125.09,-269.9596,1110
-29.6892,125.715,-271.2095,1111
-17.9049,126.133,-272.048,1112
-6.1133,126.344,-272.4704,1113
6.1133,126.344,-272.4704,1114
17.9049,126.133,-272.048,1115
29.6892,125.715,-271.2095,1116
41.4072,125.09,-269.9596,1117
53.1617,124.256,-268.2809,1118
64.733,123.22,-266.2082,1119
76.2241,121.98,-263.7254,1120
87.5775,120.541,-260.8456,2106
92.4548,110.188,-263.7254,2107
97.1849,99.642,-266.2082,2108
101.7458,88.957,-268.2809,2109
106.1719,78.036,-269.9596,2110
110.387,67.084,-271.2095,2111
114.4264,56.006,-272.048,2112
118.2708,44.857,-272.4704,2113
122.049,33.229,-272.4704,2114
125.4923,21.949,-272.048,2115
128.736,10.612,-271.2095,2116
131.763,-0.725,-269.9596,2117
134.6015,-12.162,-268.2809,2118
137.1921,-23.488,-266.2082,2119
139.5639,-34.799,-263.7254,2120
141.7034,-46.042,-260.8456,3106
133.3643,-53.88,-263.7254,3107
124.7966,-61.637,-266.2082,3108
116.0441,-69.276,-268.2809,3109
107.0251,-76.861,-269.9596,3110
97.9122,-84.254,-271.2095,3111
88.6243,-91.519,-272.048,3112
79.2087,-98.62,-272.4704,3113
69.3171,-105.807,-272.4704,3114
59.6536,-112.567,-272.048,3115
49.874,-119.156,-271.2095,3116
40.0268,-125.538,-269.9596,3117
30.0266,-131.772,-268.2809,3118
20.0563,-137.735,-266.2082,3119
10.0311,-143.486,-263.7254,3120
0,-148.995,-260.8456,4106
-10.0311,-143.486,-263.7254,4107
-20.0563,-137.735,-266.2082,4108
-30.0266,-131.772,-268.2809,4109
-40.0268,-125.538,-269.9596,4110
-49.874,-119.156,-271.2095,4111
-59.6536,-112.567,-272.048,4112
-69.3171,-105.807,-272.4704,4113
-79.2087,-98.62,-272.4704,4114
-88.6243,-91.519,-272.048,4115
-97.9122,-84.254,-271.2095,4116
-107.0251,-76.861,-269.9596,4117
-116.0441,-69.276,-268.2809,4118
-124.7966,-61.637,-266.2082,4119
-133.3643,-53.88,-263.7254,4120
-141.7034,-46.042,-260.8456,5106
-139.5639,-34.799,-263.7254,5107
-137.1921,-23.488,-266.2082,5108
-134.6015,-12.162,-268.2809,5109
-131.763,-0.725,-269.9596,5110
-128.736,10.612,-271.2095,5111
-125.4923,21.949,-272.048,5112
-122.049,33.229,-272.4704,5113
-118.2708,44.857,-272.4704,5114
-114.4264,56.006,-272.048,5115
-110.387,67.084,-271.2095,5116
-106.1719,78.036,-269.9596,5117
-101.7458,88.957,-268.2809,5118
-97.1849,99.642,-266.2082,5119
-92.4548,110.188,-263.7254,5120
-87.5775,120.541,-260.8456,1106
-81.5407,129.299,-258.5982,1122
-70.127,130.631,-261.2621,1123
-58.6051,131.762,-263.5232,1124
-46.9929,132.689,-265.378,1125
-35.3082,133.412,-266.8235,1126
-23.5691,133.929,-267.8577,1127
-11.7936,134.24,-268.4788,1128
0,134.343,-268.6859,1129
11.7936,134.24,-268.4788,1130
23.5691,133.929,-267.8577,1131
35.3082,133.412,-266.8235,1132
46.9929,132.689,-265.378,1133
58.6051,131.762,-263.5232,1134
70.127,130.631,-261.2621,1135
81.5407,129.299,-258.5982,1136
92.8287,127.768,-255.5355,2121
97.7733,117.506,-258.5982,2122
102.5671,107.062,-261.2621,2123
107.2028,96.454,-263.5232,2124
111.6731,85.696,-265.378,2125
115.9713,74.807,-266.8235,2126
120.0906,63.802,-267.8577,2127
124.0248,52.699,-268.4788,2128
127.7678,41.515,-268.6859,2129
131.3137,30.266,-268.4788,2130
134.6572,18.971,-267.8577,2131
137.793,7.647,-266.8235,2132
140.7163,-3.689,-265.378,2133
143.4227,-15.02,-263.5232,2134
145.9079,-26.327,-261.2621,2135
148.1682,-37.594,-258.5982,2136
150.2,-48.803,-255.5355,3121
141.9679,-56.676,-258.5982,3122
133.5169,-64.463,-261.2621,3123
124.8601,-72.15,-263.5232,3124
116.0107,-79.725,-265.378,3125
106.9824,-87.178,-266.8235,3126
97.7892,-94.497,-267.8577,3127
88.4452,-101.669,-268.4788,3128
78.9648,-108.685,-268.6859,3129
69.3627,-115.534,-268.4788,3130
59.6536,-122.204,-267.8577,3131
49.8525,-128.686,-266.8235,3132
39.9746,-134.969,-265.378,3133
30.035,-141.044,-263.5232,3134
20.0491,-146.902,-261.2621,3135
10.0323,-152.533,-258.5982,3136
0,-157.929,-255.5355,4121
-10.0323,-152.533,-258.5982,4122
-20.0491,-146.902,-261.2621,4123
-30.035,-141.044,-263.5232,4124
-39.9746,-134.969,-265.378,4125
-49.8525,-128.686,-266.8235,4126
-59.6536,-122.204,-267.8577,4127
-69.3627,-115.534,-268.4788,4128
-78.9648,-108.685,-268.6859,4129
-88.4452,-101.669,-268.4788,4130
-97.7892,-94.497,-267.8577,4131
-106.9824,-87.178,-266.8235,4132
-116.0107,-79.725,-265.378,4133
-124.8601,-72.15,-263.5232,4134
-133.5169,-64.463,-261.2621,4135
-141.9679,-56.676,-258.5982,4136
-150.2,-48.803,-255.5355,5121
-148.1682,-37.594,-258.5982,5122
-145.9079,-26.327,-261.2621,5123
-143.4227,-15.02,-263.5232,5124
-140.7163,-3.689,-265.378,5125
-137.793,7.647,-266.8235,5126
-134.6571,18.971,-267.8577,5127
-131.3137,30.266,-268.4788,5128
-127.7678,41.515,-268.6859,5129
-124.0248,52.699,-268.4788,5130
-120.0906,63.802,-267.8577,5131
-115.9713,74.807,-266.8235,5132
-111.6731,85.696,-265.378,5133
-107.2028,96.454,-263.5232,5134
-102.5671,107.062,-261.2621,5135
-97.7733,117.506,-258.5982,5136
-92.8287,127.768,-255.5355,1121
-87.741,137.833,-252.0788,1138
-76.3875,139.277,-254.9648,1139
-64.8875,140.525,-257.4542,1140
-53.3154,141.565,-259.5326,1141
-41.5164,142.415,-261.2175,1142
-29.7967,143.043,-262.4713,1143
-18.0019,143.465,-263.3133,1144
-6.2083,143.679,-263.7388,1145
6.2083,143.679,-263.7389,1146
18.0019,143.465,-263.3133,1147
29.7967,143.043,-262.4713,1148
41.5164,142.415,-261.2175,1149
53.3154,141.565,-259.5326,1150
64.8875,140.525,-257.4542,1151
76.3875,139.277,-254.9648,1152
87.741,137.833,-252.0788,1153
97.9688,134.843,-249.9196,2137
103.9736,126.04,-252.0788,2138
108.8552,115.688,-254.9648,2139
113.5953,105.137,-257.4542,2140
118.1604,94.452,-259.5326,2141
122.6154,83.493,-261.2175,2142
126.8337,72.541,-262.4713,2143
130.8804,61.454,-263.3133,2144
134.7277,50.304,-263.7388,2145
138.5647,38.495,-263.7389,2146
142.0063,27.213,-263.3133,2147
145.2491,15.865,-262.4713,2148
148.2739,4.525,-261.2175,2149
151.1111,-6.96,-259.5326,2150
153.698,-18.287,-257.4542,2151
156.0653,-29.609,-254.9648,2152
158.2005,-40.853,-252.0788,2153
158.5168,-51.505,-249.9196,3137
152.0002,-59.936,-252.0788,3138
143.6637,-67.778,-254.9648,3139
135.0933,-75.546,-257.4542,3140
126.3425,-83.19,-259.5326,3141
117.2968,-90.813,-261.2175,3142
108.1843,-98.209,-262.4713,3143
98.8905,-105.484,-263.3133,3144
89.4746,-112.589,-263.7388,3145
79.4294,-119.887,-263.7389,3146
69.7628,-126.647,-263.3133,3147
59.9722,-133.237,-262.4713,3148
50.1219,-139.618,-261.2175,3149
40.0765,-145.866,-259.5326,3150
30.1031,-151.826,-257.4542,3151
20.0662,-157.576,-254.9648,3152
10.0323,-163.082,-252.0788,3153
0,-166.674,-249.9196,4137
-10.0323,-163.082,-252.0788,4138
-20.0662,-157.576,-254.9648,4139
-30.1031,-151.826,-257.4542,4140
-40.0765,-145.866,-259.5326,4141
-50.1219,-139.618,-261.2175,4142
-59.9722,-133.237,-262.4713,4143
-69.7628,-126.647,-263.3133,4144
-79.4294,-119.887,-263.7388,4145
-89.4746,-112.589,-263.7389,4146
-98.8905,-105.484,-263.3133,4147
-108.1843,-98.209,-262.4713,4148
-117.2968,-90.813,-261.2175,4149
-126.3425,-83.19,-259.5326,4150
-135.0933,-75.546,-257.4542,4151
-143.6637,-67.778,-254.9648,4152
-152.0002,-59.936,-252.0788,4153
-158.5168,-51.505,-249.9196,5137
-158.2005,-40.853,-252.0788,5138
-156.0653,-29.609,-254.9648,5139
-153.698,-18.287,-257.4542,5140
-151.1111,-6.96,-259.5326,5141
-148.2739,4.525,-261.2175,5142
-145.2491,15.865,-262.4713,5143
-142.0063,27.213,-263.3133,5144
-138.5647,38.495,-263.7388,5145
-134.7277,50.304,-263.7389,5146
-130.8804,61.454,-263.3133,5147
-126.8337,72.541,-262.4713,5148
-122.6154,83.493,-261.2175,5149
-118.1604,94.452,-259.5326,5150
-113.5953,105.137,-257.4542,5151
-108.8552,115.688,-254.9648,5152
-103.9736,126.04,-252.0788,5153
-97.9688,134.843,-249.9196,1137
-92.8155,144.816,-246.2801,1155
-82.518,147.686,-248.2334,1156
-71.0878,149.059,-250.9348,1157
-59.5475,150.2,-253.2474,1158
-47.7988,151.178,-255.1484,1159
-35.9745,151.917,-256.6462,1160
-24.2092,152.464,-257.6992,1161
-12.4063,152.775,-258.3528,1162
0,152.905,-258.5734,1163
12.4063,152.775,-258.3528,1164
24.2092,152.464,-257.6992,1165
35.9745,151.917,-256.6462,1166
47.7988,151.178,-255.1484,1167
59.5475,150.2,-253.2474,1168
71.0878,149.059,-250.9348,1169
82.518,147.686,-248.2334,1170
92.8155,144.816,-246.2801,1171
102.9916,141.756,-244.0045,2154
109.0462,133.024,-246.2801,2155
114.9581,124.117,-248.2334,2156
119.7956,113.67,-250.9348,2157
124.4475,103.048,-253.2474,2158
129.0081,92.176,-255.1484,2159
133.3648,81.159,-256.6462,2160
137.5207,70.139,-257.6992,2161
141.4635,59.009,-258.3528,2162
145.4213,47.251,-258.5734,2163
149.131,35.411,-258.3528,2164
152.4828,24.09,-257.6992,2165
155.5983,12.731,-256.6462,2166
158.5493,1.258,-255.1484,2167
161.2499,-10.218,-253.2474,2168
163.7303,-21.547,-250.9348,2169
165.957,-32.841,-248.2334,2170
166.4094,-43.522,-246.2801,2171
166.6439,-54.145,-244.0045,3154
160.2098,-62.602,-246.2801,3155
153.566,-70.977,-248.2334,3156
145.1256,-78.806,-250.9348,3157
136.4603,-86.513,-253.2474,3158
127.5302,-94.21,-255.1484,3159
118.3985,-101.758,-256.6462,3160
109.2016,-109.116,-257.6992,3161
99.8355,-116.305,-258.3528,3162
89.8753,-123.702,-258.5734,3163
79.7617,-130.889,-258.3528,3164
70.0304,-137.575,-257.6992,3165
60.1905,-144.048,-256.6462,3166
50.1901,-150.4,-255.1484,3167
40.1104,-156.515,-253.2474,3168
30.1031,-162.375,-250.9348,3169
20.0491,-167.983,-248.2334,3170
10.0311,-171.713,-246.2801,3171
0,-175.219,-244.0045,4154
-10.0311,-171.713,-246.2801,4155
-20.0491,-167.983,-248.2334,4156
-30.1031,-162.375,-250.9348,4157
-40.1104,-156.515,-253.2474,4158
-50.1901,-150.4,-255.1484,4159
-60.1905,-144.048,-256.6462,4160
-70.0304,-137.575,-257.6992,4161
-79.7617,-130.889,-258.3528,4162
-89.8753,-123.702,-258.5734,4163
-99.8355,-116.305,-258.3528,4164
-109.2016,-109.116,-257.6992,4165
-118.3985,-101.758,-256.6462,4166
-127.5302,-94.21,-255.1484,4167
-136.4603,-86.513,-253.2474,4168
-145.1256,-78.806,-250.9348,4169
-153.566,-70.977,-248.2334,4170
-160.2098,-62.602,-246.2801,4171
-166.6439,-54.145,-244.0045,5154
-166.4094,-43.522,-246.2801,5155
-165.957,-32.841,-248.2334,5156
-163.7303,-21.547,-250.9348,5157
-161.2499,-10.218,-253.2474,5158
-158.5493,1.258,-255.1484,5159
-155.5983,12.731,-256.6462,5160
-152.4828,24.09,-257.6992,5161
-149.131,35.411,-258.3528,5162
-145.4213,47.251,-258.5734,5163
-141.4635,59.009,-258.3528,5164
-137.5207,70.139,-257.6992,5165
-133.3648,81.159,-256.6462,5166
-129.0081,92.176,-255.1484,5167
-124.4475,103.048,-253.2474,5168
-119.7956,113.67,-250.9348,5169
-114.9581,124.117,-248.2334,5170
-109.0462,133.024,-246.2801,5171
-102.9916,141.756,-244.0045,1154
-97.7819,151.645,-240.1721,1173
-87.5221,154.586,-242.2464,1174
-77.1678,157.311,-244.0053,1175
-65.6786,158.581,-246.533,1176
-53.9996,159.713,-248.6285,1177
-42.2064,160.582,-250.3445,1178
-30.3762,161.18,-251.6714,1179
-18.5836,161.617,-252.5369,1180
-6.2083,161.908,-252.9578,1181
6.2083,161.908,-252.9578,1182
18.5836,161.617,-252.5369,1183
30.3762,161.18,-251.6714,1184
42.2064,160.582,-250.3445,1185
53.9996,159.713,-248.6285,1186
65.6786,158.581,-246.533,1187
77.1678,157.311,-244.0053,1188
87.5221,154.586,-242.2464,1189
97.7819,151.645,-240.1721,1190
107.8912,148.5,-237.7973,2172
114.0068,139.857,-240.1721,2173
119.9739,131.008,-242.2464,2174
125.7654,122.003,-244.0053,2175
130.5237,111.469,-246.533,2176
135.2089,100.711,-248.6285,2177
139.6796,89.763,-250.3445,2178
143.9045,78.697,-251.6714,2179
147.9638,67.617,-252.5369,2180
152.0645,55.937,-252.9578,2181
155.9015,44.128,-252.9578,2182
159.4491,32.269,-252.5369,2183
162.678,20.918,-251.6714,2184
165.7645,9.482,-250.3445,2185
168.5824,-2.002,-248.6285,2186
171.1154,-13.459,-246.533,2187
173.4577,-24.779,-244.0053,2188
174.0655,-35.468,-242.2464,2189
174.4393,-46.135,-240.1721,2190
174.5716,-56.721,-237.7973,3172
168.242,-65.208,-240.1721,3173
161.67,-73.618,-242.2464,3174
154.8951,-81.909,-244.0053,3175
146.3467,-89.689,-246.533,3176
137.5632,-97.47,-248.6285,3177
128.5331,-105.104,-250.3445,3178
119.314,-112.542,-251.6714,3179
110.0303,-119.827,-252.5369,3180
100.1894,-127.336,-252.9578,3181
90.1441,-134.635,-252.9578,3182
79.9614,-141.673,-252.5369,3183
70.1644,-148.252,-251.6714,3184
60.2418,-154.721,-250.3445,3185
50.1901,-160.95,-248.6285,3186
40.0765,-166.899,-246.533,3187
30.035,-172.625,-244.0053,3188
20.0563,-176.506,-242.2464,3189
10.0275,-180.158,-240.1721,3190
0,-183.555,-237.7973,4172
-10.0275,-180.158,-240.1721,4173
-20.0563,-176.506,-242.2464,4174
-30.035,-172.625,-244.0053,4175
-40.0765,-166.899,-246.533,4176
-50.1901,-160.95,-248.6285,4177
-60.2418,-154.721,-250.3445,4178
-70.1644,-148.252,-251.6714,4179
-79.9614,-141.673,-252.5369,4180
-90.1441,-134.635,-252.9578,4181
-100.1894,-127.336,-252.9578,4182
-110.0303,-119.827,-252.5369,4183
-119.314,-112.542,-251.6714,4184
-128.5331,-105.104,-250.3445,4185
-137.5632,-97.47,-248.6285,4186
-146.3467,-89.689,-246.533,4187
-154.895,-81.909,-244.0053,4188
-161.67,-73.618,-242.2464,4189
-168.242,-65.208,-240.1721,4190
-174.5716,-56.721,-237.7973,5172
-174.4393,-46.135,-240.1721,5173
-174.0655,-35.468,-242.2464,5174
-173.4577,-24.779,-244.0053,5175
-171.1154,-13.459,-246.533,5176
-168.5824,-2.002,-248.6285,5177
-165.7645,9.482,-250.3445,5178
-162.678,20.918,-251.6714,5179
-159.4491,32.269,-252.5369,5180
-155.9015,44.128,-252.9578,5181
-152.0645,55.937,-252.9578,5182
-147.9638,67.617,-252.5369,5183
-143.9045,78.697,-251.6714,5184
-139.6796,89.763,-250.3445,5185
-135.2089,100.711,-248.6285,5186
-130.5237,111.469,-246.533,5187
-125.7654,122.003,-244.0053,5188
-119.9739,131.008,-242.2464,5189
-114.0068,139.857,-240.1721,5190
-107.8912,148.5,-237.7973,1172
-102.6081,158.286,-233.7892,1192
-92.4209,161.3,-235.9681,1193
-82.1132,164.104,-237.8395,1194
-71.6985,166.694,-239.4009,1195
-60.0797,167.965,-241.6988,1196
-48.3663,168.973,-243.6167,1197
-36.5769,169.715,-245.1515,1198
-24.73,170.19,-246.3008,1199
-12.3755,170.625,-246.9299,1200
0,170.77,-247.1397,1201
12.3755,170.625,-246.9299,1202
24.73,170.19,-246.3008,1203
36.5769,169.715,-245.1515,1204
48.3663,168.973,-243.6167,1205
60.0797,167.965,-241.6988,1206
71.6985,166.694,-239.4009,1207
82.1132,164.104,-237.8395,1208
92.4209,161.3,-235.9681,1209
102.6081,158.286,-233.7892,1210
112.6616,155.066,-231.3056,2191
118.831,146.499,-233.7892,2192
124.8455,137.742,-235.9681,2193
130.6973,128.805,-237.8395,2194
136.3787,119.701,-239.4009,2195
141.1786,109.044,-241.6988,2196
145.7566,98.215,-243.6167,2197
150.1053,87.232,-245.1515,2198
154.218,76.112,-246.3008,2199
158.4491,64.496,-246.9299,2200
162.4113,52.771,-247.1397,2201
166.0976,40.956,-246.9299,2202
169.502,29.072,-246.3008,2203
172.7111,17.658,-245.1515,2204
175.6486,6.217,-243.6167,2205
178.3099,-5.235,-241.6988,2206
180.6909,-16.678,-239.4009,2207
181.4461,-27.383,-237.8395,2208
181.9647,-38.053,-235.9681,2209
182.2463,-48.673,-233.7892,2210
182.2903,-59.229,-231.3056,3191
176.0497,-67.744,-233.7892,3192
169.5797,-76.17,-235.9681,3193
162.8886,-84.497,-237.8395,3194
155.9852,-92.714,-239.4009,3195
147.3329,-100.572,-241.6988,3196
138.4488,-108.272,-243.6167,3197
129.3471,-115.802,-245.1515,3198
120.042,-123.15,-246.3008,3199
110.3025,-130.763,-246.9299,3200
100.3757,-138.155,-247.1397,3201
90.2785,-145.312,-246.9299,3202
80.028,-152.222,-246.3008,3203
70.1644,-158.801,-245.1515,3204
60.1905,-165.13,-243.6167,3205
50.1219,-171.2,-241.6988,3206
39.9746,-177.001,-239.4009,3207
30.0266,-181.027,-237.8395,3208
20.0395,-184.817,-235.9681,3209
10.0263,-188.367,-233.7892,3210
0,-191.671,-231.3056,4191
-10.0263,-188.367,-233.7892,4192
-20.0395,-184.817,-235.9681,4193
-30.0266,-181.027,-237.8395,4194
-39.9746,-177.001,-239.4009,4195
-50.1219,-171.2,-241.6988,4196
-60.1905,-165.13,-243.6167,4197
-70.1644,-158.801,-245.1515,4198
-80.028,-152.222,-246.3008,4199
-90.2785,-145.312,-246.9299,4200
-100.3757,-138.155,-247.1397,4201
-110.3025,-130.763,-246.9299,4202
-120.042,-123.15,-246.3008,4203
-129.3471,-115.802,-245.1515,4204
-138.4488,-108.272,-243.6167,4205
-147.3329,-100.572,-241.6988,4206
-155.9852,-92.714,-239.4009,4207
-162.8886,-84.497,-237.8395,4208
-169.5797,-76.17,-235.9681,4209
-176.0497,-67.744,-233.7892,4210
-182.2903,-59.229,-231.3056,5191
-182.2463,-48.673,-233.7892,5192
-181.9647,-38.053,-235.9681,5193
-181.4461,-27.383,-237.8395,5194
-180.6909,-16.678,-239.4009,5195
-178.3099,-5.235,-241.6988,5196
-175.6486,6.217,-243.6167,5197
-172.7111,17.658,-245.1515,5198
-169.502,29.072,-246.3008,5199
-166.0976,40.956,-246.9299,5200
-162.4113,52.771,-247.1397,5201
-158.4491,64.496,-246.9299,5202
-154.218,76.112,-246.3008,5203
-150.1053,87.232,-245.1515,5204
-145.7566,98.215,-243.6167,5205
-141.1786,109.044,-241.6988,5206
-136.3787,119.701,-239.4009,5207
-130.6973,128.805,-237.8395,5208
-124.8455,137.742,-235.9681,5209
-118.831,146.499,-233.7892,5210
-112.6616,155.066,-231.3056,1191
-107.3639,164.807,-227.0504,1212
-97.2191,167.898,-229.3445,1213
-86.9268,170.783,-231.3376,1214
-76.5441,173.452,-233.0145,1215
-66.1188,175.819,-234.4274,1216
-54.4472,176.971,-236.5523,1217
-42.6608,177.861,-238.298,1218
-30.8353,178.48,-239.6548,1219
-18.5843,179.17,-240.4015,1220
-6.2089,179.461,-240.8224,1221
6.2089,179.461,-240.8224,1222
18.5843,179.17,-240.4015,1223
30.8353,178.48,-239.6548,1224
42.6608,177.861,-238.298,1225
54.4472,176.971,-236.5523,1226
66.1188,175.819,-234.4274,1227
76.5441,173.452,-233.0145,1228
86.9268,170.783,-231.3376,1229
97.2191,167.898,-229.3445,1230
107.3639,164.807,-227.0504,1231
117.2971,161.446,-224.5369,2211
123.5633,153.038,-227.0504,2212
129.638,144.345,-229.3445,2213
135.5624,135.448,-231.3376,2214
141.3088,126.398,-233.0145,2215
146.7818,117.214,-234.4274,2216
151.4842,106.47,-236.5523,2217
155.9723,95.535,-238.298,2218
160.2155,84.48,-239.6548,2219
164.658,73.042,-240.4015,2220
168.7588,61.362,-240.8224,2221
172.5961,49.552,-240.8224,2222
176.1437,37.692,-240.4015,2223
179.2727,25.828,-239.6548,2224
182.3382,14.389,-238.298,2225
185.1344,2.905,-236.5523,2226
187.6455,-8.551,-234.4274,2227
188.6156,-19.198,-233.0145,2228
189.2861,-29.897,-231.3376,2229
189.7227,-40.577,-229.3445,2230
189.9178,-51.181,-227.0504,2231
189.7908,-61.666,-224.5369,3211
183.7302,-70.224,-227.0504,3212
177.3398,-78.688,-229.3445,3213
170.709,-87.072,-231.3376,3214
163.8777,-95.333,-233.0145,3215
156.8349,-103.376,-234.4274,3216
148.0696,-111.169,-236.5523,3217
139.057,-118.816,-238.298,3218
129.8539,-126.268,-239.6548,3219
120.3486,-134.028,-240.4015,3220
110.5075,-141.537,-240.8224,3221
100.4614,-148.836,-240.8224,3222
90.2785,-155.875,-240.4015,3223
79.9614,-162.517,-239.6548,3224
70.0304,-168.967,-238.298,3225
59.9722,-175.175,-236.5523,3226
49.8525,-181.104,-234.4274,3227
40.0268,-185.316,-233.0145,3228
30.0584,-189.26,-231.3376,3229
20.036,-192.976,-229.3445,3230
10.0118,-196.438,-227.0504,3231
0,-199.557,-224.5369,4211
-10.0118,-196.438,-227.0504,4212
-20.036,-192.976,-229.3445,4213
-30.0584,-189.26,-231.3376,4214
-40.0268,-185.316,-233.0145,4215
-49.8525,-181.104,-234.4274,4216
-59.9722,-175.175,-236.5523,4217
-70.0304,-168.967,-238.298,4218
-79.9614,-162.517,-239.6548,4219
-90.2785,-155.875,-240.4015,4220
-100.4614,-148.836,-240.8224,4221
-110.5075,-141.537,-240.8224,4222
-120.3486,-134.028,-240.4015,4223
-129.8539,-126.268,-239.6548,4224
-139.057,-118.816,-238.298,4225
-148.0696,-111.169,-236.5523,4226
-156.8349,-103.376,-234.4274,4227
-163.8777,-95.333,-233.0145,4228
-170.709,-87.072,-231.3376,4229
-177.3398,-78.688,-229.3445,4230
-183.7302,-70.224,-227.0504,4231
-189.7908,-61.666,-224.5369,5211
-189.9178,-51.181,-227.0504,5212
-189.7227,-40.577,-229.3445,5213
-189.2861,-29.897,-231.3376,5214
-188.6156,-19.198,-233.0145,5215
-187.6455,-8.551,-234.4274,5216
-185.1344,2.905,-236.5523,5217
-182.3381,14.389,-238.298,5218
-179.2727,25.828,-239.6548,5219
-176.1437,37.692,-240.4015,5220
-172.5961,49.552,-240.8224,5221
-168.7588,61.362,-240.8224,5222
-164.658,73.042,-240.4015,5223
-160.2155,84.48,-239.6548,5224
-155.9723,95.535,-238.298,5225
-151.4842,106.47,-236.5523,5226
-146.7818,117.214,-234.4274,5227
-141.3088,126.398,-233.0145,5228
-135.5624,135.448,-231.3376,5229
-129.638,144.345,-229.3445,5230
-123.5633,153.038,-227.0504,5231
-117.2971,161.446,-224.5369,1211
-111.9174,171.072,-220.1116,1233
-101.8983,174.291,-222.4403,1234
-91.6573,177.261,-224.5391,1235
-81.2964,179.999,-226.3441,1236
-70.9124,182.454,-227.8649,1237
-60.437,184.674,-229.0924,1238
-48.7016,185.72,-231.0337,1239
-36.8892,186.473,-232.61,1240
-24.6688,187.316,-233.5473,1241
-12.4071,187.847,-234.0941,1242
0,188.007,-234.294,1243
12.4071,187.847,-234.0941,1244
24.6688,187.316,-233.5473,1245
36.8892,186.473,-232.61,1246
48.7016,185.72,-231.0337,1247
60.4371,184.674,-229.0924,1248
70.9124,182.454,-227.8649,1249
81.2964,179.999,-226.3441,1250
91.6573,177.261,-224.5391,1251
101.8983,174.291,-222.4403,1252
111.9174,171.072,-220.1116,1253
121.7923,167.633,-217.4996,2232
128.1146,159.304,-220.1116,2233
134.2719,150.77,-222.4403,2234
140.261,141.948,-224.5391,2235
146.0666,132.94,-226.3441,2236
151.6102,123.823,-227.8649,2237
156.9586,114.547,-229.0924,2238
161.5801,103.709,-231.0337,2239
165.9464,92.707,-232.61,2240
170.525,81.346,-233.5473,2241
174.8184,69.848,-234.0941,2242
178.8049,58.098,-234.294,2243
182.4864,46.248,-234.0941,2244
185.7711,34.423,-233.5473,2245
188.7452,22.54,-232.61,2246
191.6794,11.073,-231.0337,2247
194.3107,-0.411,-229.0924,2248
195.4364,-11.06,-227.8649,2249
196.3106,-21.695,-226.3441,2250
196.9084,-32.394,-224.5391,2251
197.2485,-43.052,-222.4403,2252
197.2833,-53.575,-220.1116,2253
197.0641,-64.03,-217.4996,3232
191.0965,-72.616,-220.1116,3233
184.8829,-81.109,-222.4403,3234
178.3434,-89.531,-224.5391,3235
171.5705,-97.837,-226.3441,3236
164.6126,-105.926,-227.8649,3237
157.4428,-113.879,-229.0924,3238
148.5636,-121.624,-231.0337,3239
139.4497,-129.176,-232.61,3240
130.059,-137.041,-233.5473,3241
120.4508,-144.678,-234.0941,3242
110.5075,-152.1,-234.294,3243
100.3757,-159.263,-234.0941,3244
90.1441,-166.041,-233.5473,3245
79.7617,-172.542,-232.61,3246
69.7628,-178.876,-231.0337,3247
59.6536,-184.927,-229.0924,3248
49.874,-189.289,-227.8649,3249
40.0302,-193.406,-226.3441,3250
30.0387,-197.281,-224.5391,3251
20.008,-200.898,-222.4403,3252
10.0104,-204.183,-220.1116,3253
0,-207.205,-217.4996,4232
-10.0104,-204.183,-220.1116,4233
-20.008,-200.898,-222.4403,4234
-30.0387,-197.281,-224.5391,4235
-40.0302,-193.406,-226.3441,4236
-49.874,-189.289,-227.8649,4237
-59.6536,-184.927,-229.0924,4238
-69.7628,-178.876,-231.0337,4239
-79.7617,-172.542,-232.61,4240
-90.1441,-166.041,-233.5473,4241
-100.3757,-159.263,-234.0941,4242
-110.5075,-152.1,-234.294,4243
-120.4508,-144.678,-234.0941,4244
-130.059,-137.041,-233.5473,4245
-139.4497,-129.176,-232.61,4246
-148.5636,-121.624,-231.0337,4247
-157.4428,-113.879,-229.0924,4248
-164.6126,-105.926,-227.8649,4249
-171.5705,-97.837,-226.3441,4250
-178.3434,-89.531,-224.5391,4251
-184.8829,-81.109,-222.4403,4252
-191.0965,-72.616,-220.1116,4253
-197.0641,-64.03,-217.4996,5232
-197.2833,-53.575,-220.1116,5233
-197.2485,-43.052,-222.4403,5234
-196.9084,-32.394,-224.5391,5235
-196.3106,-21.695,-226.3441,5236
-195.4364,-11.06,-227.8649,5237
-194.3107,-0.411,-229.0924,5238
-191.6794,11.073,-231.0337,5239
-188.7452,22.54,-232.61,5240
-185.7711,34.423,-233.5473,5241
-182.4864,46.248,-234.0941,5242
-178.8049,58.098,-234.294,5243
-174.8184,69.848,-234.0941,5244
-170.525,81.346,-233.5473,5245
-165.9464,92.707,-232.61,5246
-161.5801,103.709,-231.0337,5247
-156.9586,114.547,-229.0924,5248
-151.6102,123.823,-227.8649,5249
-146.0666,132.94,-226.3441,5250
-140.261,141.948,-224.5391,5251
-134.2719,150.77,-222.4403,5252
-128.1146,159.304,-220.1116,5253
-121.7923,167.633,-217.4996,1232
-116.3388,177.151,-212.8926,1255
-106.3645,180.449,-215.3254,1256
-96.2735,183.502,-217.4825,1257
-85.9496,186.326,-219.398,1258
-75.6215,188.884,-221.008,1259
-65.1732,191.192,-222.3472,1260
-54.6621,193.243,-223.4042,1261
-42.8817,194.155,-225.1781,1262
-30.7123,195.177,-226.2807,1263
-18.4605,195.861,-227.0195,1264
-6.2088,196.204,-227.3891,1265
6.2088,196.204,-227.3891,1266
18.4605,195.861,-227.0195,1267
30.7123,195.177,-226.2807,1268
42.8817,194.155,-225.1781,1269
54.6621,193.243,-223.4042,1270
65.1732,191.192,-222.3472,1271
75.6215,188.884,-221.008,1272
85.9496,186.326,-219.398,1273
96.2735,183.502,-217.4825,1274
106.3645,180.449,-215.3254,1275
116.3388,177.151,-212.8926,1276
126.1417,173.62,-210.2018,2254
132.5292,165.388,-212.8926,2255
138.7485,156.921,-215.3254,2256
144.7706,148.267,-217.4825,2257
150.6465,139.321,-219.398,2258
156.2707,130.289,-221.008,2259
161.6947,121.065,-222.3472,2260
166.8933,111.702,-223.4042,2261
171.4012,100.781,-225.1781,2262
176.1336,89.522,-226.2807,2263
180.5703,78.082,-227.0195,2264
184.682,66.536,-227.3891,2265
188.5192,54.726,-227.3891,2266
191.9795,42.968,-227.0195,2267
195.1148,31.104,-226.2807,2268
197.9035,19.215,-225.1781,2269
200.6764,7.729,-223.4042,2270
201.9739,-2.901,-222.3472,2271
203.0073,-13.552,-221.008,2272
203.7663,-24.165,-219.398,2273
204.2709,-34.856,-217.4825,2274
204.4854,-45.397,-215.3254,2275
204.4306,-55.902,-212.8926,2276
204.1016,-66.316,-210.2018,3254
198.2464,-74.935,-212.8926,3255
192.1158,-83.466,-215.3254,3256
185.7466,-91.868,-217.4825,3257
179.0543,-100.22,-219.398,3258
172.202,-108.36,-221.008,3259
165.106,-116.369,-222.3472,3260
157.8079,-124.207,-223.4042,3261
148.8135,-131.869,-225.1781,3262
139.5688,-139.849,-226.2807,3263
130.059,-147.604,-227.0195,3264
120.3486,-155.082,-227.3891,3265
110.3025,-162.381,-227.3891,3266
100.1894,-169.305,-227.0195,3267
89.8753,-175.953,-226.2807,3268
79.4294,-182.28,-225.1781,3269
69.3627,-188.466,-223.4042,3270
59.6536,-192.985,-222.3472,3271
49.8439,-197.259,-221.008,3272
39.9849,-201.26,-219.398,3273
29.9728,-205.044,-217.4825,3274
20.0144,-208.505,-215.3254,3275
10.0062,-211.699,-212.8926,3276
0,-214.605,-210.2018,4254
-10.0062,-211.699,-212.8926,4255
-20.0144,-208.505,-215.3254,4256
-29.9728,-205.044,-217.4825,4257
-39.9849,-201.26,-219.398,4258
-49.8439,-197.259,-221.008,4259
-59.6536,-192.985,-222.3472,4260
-69.3627,-188.466,-223.4042,4261
-79.4294,-182.28,-225.1781,4262
-89.8753,-175.953,-226.2807,4263
-100.1894,-169.305,-227.0195,4264
-110.3025,-162.381,-227.3891,4265
-120.3486,-155.082,-227.3891,4266
-130.059,-147.604,-227.0195,4267
-139.5688,-139.849,-226.2807,4268
-148.8135,-131.869,-225.1781,4269
-157.8079,-124.207,-223.4042,4270
-165.106,-116.369,-222.3472,4271
-172.202,-108.36,-221.008,4272
-179.0543,-100.22,-219.398,4273
-185.7466,-91.868,-217.4825,4274
-192.1158,-83.466,-215.3254,4275
-198.2464,-74.935,-212.8926,4276
-204.1016,-66.316,-210.2018,5254
-204.4306,-55.902,-212.8926,5255
-204.4854,-45.397,-215.3254,5256
-204.2709,-34.856,-217.4825,5257
-203.7663,-24.165,-219.398,5258
-203.0073,-13.552,-221.008,5259
-201.9739,-2.901,-222.3472,5260
-200.6764,7.729,-223.4042,5261
-197.9035,19.215,-225.1781,5262
-195.1148,31.104,-226.2807,5263
-191.9795,42.968,-227.0195,5264
-188.5192,54.726,-227.3891,5265
-184.682,66.536,-227.3891,5266
-180.5703,78.082,-227.0195,5267
-176.1336,89.522,-226.2807,5268
-171.4012,100.781,-225.1781,5269
-166.8933,111.702,-223.4042,5270
-161.6947,121.065,-222.3472,5271
-156.2707,130.289,-221.008,5272
-150.6465,139.321,-219.398,5273
-144.7706,148.267,-217.4825,5274
-138.7485,156.921,-215.3254,5275
-132.5292,165.388,-212.8926,5276
-126.1417,173.62,-210.2018,1254
-120.5988,183.012,-205.4338,1278
-110.7029,186.39,-207.9516,1279
-100.6651,189.53,-210.2029,1280
-90.4982,192.427,-212.1846,1281
-80.2153,195.077,-213.8944,1282
-69.8295,197.477,-215.33,1283
-59.3543,199.624,-216.4895,1284
-48.8029,201.515,-217.3715,1285
-36.6734,202.7,-218.6503,1286
-24.4829,203.549,-219.5653,1287
-12.2517,204.058,-220.1148,1288
0,204.228,-220.2981,1289
12.2517,204.058,-220.1148,1290
24.4829,203.549,-219.5653,1291
36.6734,202.7,-218.6503,1292
48.8029,201.515,-217.3715,1293
59.3543,199.624,-216.4895,1294
69.8295,197.477,-215.33,1295
80.2153,195.077,-213.8944,1296
90.4982,192.427,-212.1846,1297
100.6651,189.53,-210.2029,1298
110.7029,186.39,-207.9516,1299
120.5988,183.012,-205.4338,1300
130.3401,179.398,-202.6525,2277
136.7868,171.25,-205.4338,2278
143.0582,162.883,-207.9516,2279
149.1462,154.306,-210.2029,2280
155.0429,145.532,-212.1846,2281
160.7409,136.572,-213.8944,2282
166.2329,127.436,-215.33,2283
171.5117,118.137,-216.4895,2284
176.5707,108.686,-217.3715,2285
181.4464,97.517,-218.6503,2286
186.0202,86.185,-219.5653,2287
190.2844,74.71,-220.1148,2288
194.232,63.11,-220.2981,2289
197.8563,51.406,-220.1148,2290
201.1514,39.616,-219.5653,2291
204.1118,27.76,-218.6503,2292
206.7326,15.857,-217.3715,2293
208.1947,5.238,-216.4895,2294
209.3899,-5.388,-215.33,2295
210.3167,-16.007,-213.8944,2296
210.9739,-26.605,-212.1846,2297
211.3606,-37.17,-210.2029,2298
211.4763,-47.687,-207.9516,2299
211.321,-58.142,-205.4338,2300
210.8947,-68.523,-202.6525,3277
205.1377,-77.173,-205.4338,3278
199.1177,-85.723,-207.9516,3279
192.8425,-94.163,-210.2029,3280
186.32,-102.482,-212.1846,3281
179.5586,-110.67,-213.8944,3282
172.5671,-118.717,-215.33,3283
165.3544,-126.611,-216.4895,3284
157.9296,-134.343,-217.3715,3285
148.8135,-142.431,-218.6503,3286
139.4497,-150.283,-219.5653,3287
129.8539,-157.884,-220.1148,3288
120.042,-165.223,-220.2981,3289
110.0303,-172.287,-220.1148,3290
99.8355,-179.064,-219.5653,3291
89.4746,-185.543,-218.6503,3292
78.9648,-191.714,-217.3715,3293
69.3171,-196.386,-216.4895,3294
59.5805,-200.806,-215.33,3295
49.7676,-204.969,-213.8944,3296
39.8909,-208.869,-212.1846,3297
29.963,-212.502,-210.2029,3298
19.9967,-215.862,-207.9516,3299
10.0048,-218.945,-205.4338,3300
0,-221.747,-202.6525,4277
-10.0048,-218.945,-205.4338,4278
-19.9967,-215.862,-207.9516,4279
-29.963,-212.502,-210.2029,4280
-39.8909,-208.869,-212.1846,4281
-49.7676,-204.969,-213.8944,4282
-59.5805,-200.806,-215.33,4283
-69.3171,-196.386,-216.4895,4284
-78.9648,-191.714,-217.3715,4285
-89.4746,-185.543,-218.6503,4286
-99.8355,-179.064,-219.5653,4287
-110.0303,-172.287,-220.1148,4288
-120.042,-165.223,-220.2981,4289
-129.8539,-157.884,-220.1148,4290
-139.4497,-150.283,-219.5653,4291
-148.8135,-142.431,-218.6503,4292
-157.9296,-134.343,-217.3715,4293
-165.3544,-126.611,-216.4895,4294
-172.5671,-118.717,-215.33,4295
-179.5586,-110.67,-213.8944,4296
-186.32,-102.482,-212.1846,4297
-192.8425,-94.163,-210.2029,4298
-199.1177,-85.723,-207.9516,4299
-205.1377,-77.173,-205.4338,4300
-210.8947,-68.523,-202.6525,5277
-211.321,-58.142,-205.4338,5278
-211.4763,-47.687,-207.9516,5279
-211.3606,-37.17,-210.2029,5280
-210.9739,-26.605,-212.1846,5281
-210.3167,-16.007,-213.8944,5282
-209.3899,-5.388,-215.33,5283
-208.1947,5.238,-216.4895,5284
-206.7326,15.857,-217.3715,5285
-204.1118,27.76,-218.6503,5286
-201.1514,39.616,-219.5653,5287
-197.8563,51.406,-220.1148,5288
-194.232,63.11,-220.2981,5289
-190.2844,74.71,-220.1148,5290
-186.0202,86.185,-219.5653,5291
-181.4464,97.517,-218.6503,5292
-176.5707,108.686,-217.3715,5293
-171.5117,118.137,-216.4895,5294
-166.2329,127.436,-215.33,5295
-160.7409,136.572,-213.8944,5296
-155.0429,145.532,-212.1846,5297
-149.1462,154.306,-210.2029,5298
-143.0582,162.883,-207.9516,5299
-136.7868,171.25,-205.4338,5300
-130.3401,179.398,-202.6525,1277
-124.9537,188.874,-197.3661,1302
-115.1089,192.343,-199.9862,1303
-105.0943,195.578,-202.3478,1304
-94.9682,198.567,-204.4326,1305
-84.6037,201.326,-206.2772,1306
-74.2474,203.817,-207.8136,1307
-63.7729,206.056,-209.0792,1308
-53.241,208.038,-210.0616,1309
-42.8685,209.476,-211.0036,1310
-30.6997,210.497,-212.1054,1311
-18.4516,211.182,-212.8429,1312
-6.2008,211.524,-213.2121,1313
6.2008,211.524,-213.2121,1314
18.4516,211.182,-212.8429,1315
30.6997,210.497,-212.1054,1316
42.8685,209.476,-211.0036,1317
53.241,208.038,-210.0616,1318
63.7729,206.056,-209.0792,1319
74.2474,203.817,-207.8136,1320
84.6037,201.326,-206.2772,1321
94.9682,198.567,-204.4326,1322
105.0943,195.578,-202.3478,1323
115.1089,192.343,-199.9862,1324
124.9537,188.874,-197.3661,1325
134.3825,184.962,-194.8607,2301
141.017,177.204,-197.3661,2302
147.3579,168.913,-199.9862,2303
153.5298,160.388,-202.3478,2304
159.5009,151.681,-204.4326,2305
165.3283,142.676,-206.2772,2306
170.8969,133.597,-207.8136,2307
176.264,124.327,-209.0792,2308
181.4033,114.923,-210.0616,2309
185.9758,105.502,-211.0036,2310
190.7078,94.245,-212.1054,2311
195.1436,82.808,-212.8429,2312
199.2549,71.262,-213.2121,2313
203.0872,59.468,-213.2121,2314
206.5473,47.71,-212.8429,2315
209.6813,35.85,-212.1054,2316
212.47,23.961,-211.0036,2317
214.308,13.652,-210.0616,2318
215.6778,3.024,-209.0792,2319
216.7844,-7.63,-207.8136,2320
217.6162,-18.249,-206.2772,2321
218.1945,-28.959,-204.4326,2322
218.4816,-39.513,-202.3478,2323
218.4992,-50.038,-199.9862,2324
218.2426,-60.472,-197.3661,2325
217.4355,-70.649,-194.8607,3301
212.107,-79.356,-197.3661,3302
206.1812,-87.949,-199.9862,3303
199.9809,-96.453,-202.3478,3304
193.5452,-104.822,-204.4326,3305
186.7822,-113.147,-206.2772,3306
179.8676,-121.249,-207.8136,3307
172.71,-129.218,-209.0792,3308
165.3544,-137.011,-210.0616,3309
157.8079,-144.271,-211.0036,3310
148.5636,-152.25,-212.1054,3311
139.057,-160.003,-212.8429,3312
129.3471,-167.481,-213.2121,3313
119.314,-174.771,-213.2121,3314
109.2016,-181.695,-212.8429,3315
98.8905,-188.34,-212.1054,3316
88.4452,-194.666,-211.0036,3317
79.2087,-199.6,-210.0616,3318
69.5233,-204.187,-209.0792,3319
59.7327,-208.532,-207.8136,3320
49.8905,-212.604,-206.2772,3321
39.8834,-216.464,-204.4326,3322
29.9348,-219.998,-202.3478,3323
19.931,-223.267,-199.9862,3324
9.9276,-226.248,-197.3661,3325
0,-228.625,-194.8607,4301
-9.9276,-226.248,-197.3661,4302
-19.931,-223.267,-199.9862,4303
-29.9348,-219.998,-202.3478,4304
-39.8834,-216.464,-204.4326,4305
-49.8905,-212.604,-206.2772,4306
-59.7327,-208.532,-207.8136,4307
-69.5233,-204.187,-209.0792,4308
-79.2087,-199.6,-210.0616,4309
-88.4452,-194.666,-211.0036,4310
-98.8905,-188.34,-212.1054,4311
-109.2016,-181.695,-212.8429,4312
-119.314,-174.771,-213.2121,4313
-129.3471,-167.481,-213.2121,4314
-139.057,-160.003,-212.8429,4315
-148.5636,-152.25,-212.1054,4316
-157.8079,-144.271,-211.0036,4317
-165.3544,-137.011,-210.0616,4318
-172.71,-129.218,-209.0792,4319
-179.8676,-121.249,-207.8136,4320
-186.7822,-113.147,-206.2772,4321
-193.5452,-104.822,-204.4326,4322
-199.9809,-96.453,-202.3478,4323
-206.1812,-87.949,-199.9862,4324
-212.107,-79.356,-197.3661,4325
-217.4355,-70.649,-194.8607,5301
-218.2426,-60.472,-197.3661,5302
-218.4992,-50.038,-199.9862,5303
-218.4816,-39.513,-202.3478,5304
-218.1945,-28.959,-204.4326,5305
-217.6162,-18.249,-206.2772,5306
-216.7844,-7.63,-207.8136,5307
-215.6778,3.024,-209.0792,5308
-214.308,13.652,-210.0616,5309
-212.47,23.961,-211.0036,5310
-209.6813,35.85,-212.1054,5311
-206.5473,47.71,-212.8429,5312
-203.0872,59.468,-213.2121,5313
-199.2549,71.262,-213.2121,5314
-195.1436,82.808,-212.8429,5315
-190.7078,94.245,-212.1054,5316
-185.9758,105.502,-211.0036,5317
-181.4033,114.923,-210.0616,5318
-176.264,124.327,-209.0792,5319
-170.8969,133.597,-207.8136,5320
-165.3283,142.676,-206.2772,5321
-159.5009,151.681,-204.4326,5322
-153.5298,160.388,-202.3478,5323
-147.3579,168.913,-199.9862,5324
-141.017,177.204,-197.3661,5325
-134.3825,184.962,-194.8607,1301
-128.8929,194.293,-189.4129,1327
-119.3641,198.043,-191.7586,1328
-109.4096,201.375,-194.2112,1329
-99.3142,204.447,-196.4137,1330
-89.0003,207.306,-198.3516,1331
-78.5697,209.894,-200.0295,1332
-68.1341,212.231,-201.3856,1333
-57.6107,214.295,-202.4824,1334
-47.2682,215.836,-203.5209,1335
-36.8679,217.114,-204.3104,1336
-24.6505,217.983,-205.2221,1337
-12.3918,218.488,-205.7908,1338
0,218.674,-205.9661,1339
12.3918,218.488,-205.7908,1340
24.6505,217.983,-205.2221,1341
36.8679,217.114,-204.3104,1342
47.2682,215.836,-203.5209,1343
57.6107,214.295,-202.4824,1344
68.1341,212.231,-201.3856,1345
78.5697,209.894,-200.0295,1346
89.0003,207.306,-198.3516,1347
99.3142,204.447,-196.4137,1348
109.4096,201.375,-194.2112,1349
119.3641,198.043,-191.7586,1350
128.8929,194.293,-189.4129,1351
138.2641,190.305,-186.8356,2326
144.9529,182.624,-189.4129,2327
151.4645,174.721,-191.7586,2328
157.7092,166.283,-194.2112,2329
163.7507,157.631,-196.4137,2330
169.657,148.706,-198.3516,2331
175.3409,139.585,-200.0295,2332
180.7885,130.383,-201.3856,2333
186.0034,121.012,-202.4824,2334
190.6654,111.652,-203.5209,2335
195.0942,102.156,-204.3104,2336
199.6963,90.805,-205.2221,2337
203.9646,79.302,-205.7908,2338
207.9709,67.574,-205.9661,2339
211.6231,55.731,-205.7908,2340
214.9311,43.917,-205.2221,2341
217.8798,32.029,-204.3104,2342
219.8788,21.743,-203.5209,2343
221.6087,11.43,-202.4824,2344
222.8977,0.784,-201.3856,2345
223.8997,-9.863,-200.0295,2346
224.6623,-20.583,-198.3516,2347
225.1303,-31.275,-196.4137,2348
225.328,-41.826,-194.2112,2349
225.2356,-52.323,-191.7586,2350
224.6131,-62.544,-189.4129,2351
223.716,-72.689,-186.8356,3326
218.4788,-81.424,-189.4129,3327
212.9743,-90.059,-191.7586,3328
206.8792,-98.606,-194.2112,3329
200.5177,-107.025,-196.4137,3330
193.8541,-115.401,-198.3516,3331
186.9364,-123.625,-200.0295,3332
179.8676,-131.649,-201.3856,3333
172.5671,-139.505,-202.4824,3334
165.106,-146.831,-203.5209,3335
157.4428,-153.978,-204.3104,3336
148.0696,-161.862,-205.2221,3337
138.4488,-169.476,-205.7908,3338
128.5331,-176.91,-205.9661,3339
118.3985,-184.043,-205.7908,3340
108.1843,-190.84,-205.2221,3341
97.7892,-197.318,-204.3104,3342
88.6243,-202.398,-203.5209,3343
79.351,-207.23,-202.4824,3344
69.6243,-211.746,-201.3856,3345
59.8079,-215.989,-200.0295,3346
49.8486,-220.027,-198.3516,3347
39.824,-223.776,-196.4137,3348
29.8508,-227.224,-194.2112,3349
19.8391,-230.38,-191.7586,3350
9.9256,-232.947,-189.4129,3351
0,-235.229,-186.8356,4326
-9.9256,-232.947,-189.4129,4327
-19.8391,-230.38,-191.7586,4328
-29.8508,-227.224,-194.2112,4329
-39.824,-223.776,-196.4137,4330
-49.8486,-220.027,-198.3516,4331
-59.8079,-215.989,-200.0295,4332
-69.6243,-211.746,-201.3856,4333
-79.351,-207.23,-202.4824,4334
-88.6243,-202.398,-203.5209,4335
-97.7892,-197.318,-204.3104,4336
-108.1843,-190.84,-205.2221,4337
-118.3985,-184.043,-205.7908,4338
-128.5331,-176.91,-205.9661,4339
-138.4488,-169.476,-205.7908,4340
-148.0696,-161.862,-205.2221,4341
-157.4428,-153.978,-204.3104,4342
-165.106,-146.831,-203.5209,4343
-172.5671,-139.505,-202.4824,4344
-179.8676,-131.649,-201.3856,4345
-186.9364,-123.625,-200.0295,4346
-193.8541,-115.401,-198.3516,4347
-200.5177,-107.025,-196.4137,4348
-206.8792,-98.606,-194.2112,4349
-212.9743,-90.059,-191.7586,4350
-218.4788,-81.424,-189.4129,4351
-223.716,-72.689,-186.8356,5326
-224.6131,-62.544,-189.4129,5327
-225.2356,-52.323,-191.7586,5328
-225.328,-41.826,-194.2112,5329
-225.1303,-31.275,-196.4137,5330
-224.6623,-20.583,-198.3516,5331
-223.8997,-9.863,-200.0295,5332
-222.8977,0.784,-201.3856,5333
-221.6087,11.43,-202.4824,5334
-219.8788,21.743,-203.5209,5335
-217.8798,32.029,-204.3104,5336
-214.9311,43.917,-205.2221,5337
-211.6232,55.731,-205.7908,5338
-207.9709,67.574,-205.9661,5339
-203.9646,79.302,-205.7908,5340
-199.6963,90.805,-205.2221,5341
-195.0942,102.156,-204.3104,5342
-190.6654,111.652,-203.5209,5343
-186.0034,121.012,-202.4824,5344
-180.7885,130.383,-201.3856,5345
-175.3409,139.585,-200.0295,5346
-169.657,148.706,-198.3516,5347
-163.7507,157.631,-196.4137,5348
-157.7092,166.283,-194.2112,5349
-151.4645,174.721,-191.7586,5350
-144.9529,182.624,-189.4129,5351
-138.2641,190.305,-186.8356,1326
-132.6793,199.494,-181.2145,1353
-123.1951,203.323,-183.6386,1354
-113.5804,206.89,-185.8393,1355
-103.5306,210.061,-188.1385,1356
-93.2817,213.033,-190.1469,1357
-82.8866,215.721,-191.9233,1358
-72.4062,218.115,-193.4519,1359
-61.9066,220.277,-194.6436,1360
-51.6079,221.936,-195.7587,1361
-41.2231,223.317,-196.6479,1362
-30.8105,224.417,-197.3021,1363
-18.5633,225.108,-198.0459,1364
-6.2008,225.502,-198.3699,1365
6.2008,225.502,-198.3699,1366
18.5633,225.108,-198.0459,1367
30.8105,224.417,-197.3021,1368
41.2231,223.317,-196.6479,1369
51.6079,221.936,-195.7587,1370
61.9066,220.277,-194.6436,1371
72.4062,218.115,-193.4519,1372
82.8866,215.721,-191.9233,1373
93.2817,213.033,-190.1469,1374
103.5306,210.061,-188.1385,1375
113.5804,206.89,-185.8393,1376
123.1951,203.323,-183.6386,1377
132.6793,199.494,-181.2145,1378
141.9801,195.419,-178.5868,2352
148.7294,187.833,-181.2145,2353
155.3017,179.996,-183.6386,2354
161.6657,171.954,-185.8393,2355
167.7869,163.376,-188.1385,2356
173.7803,154.547,-190.1469,2357
179.5492,145.492,-191.9233,2358
185.0643,136.264,-193.4519,2359
190.365,126.946,-194.6436,2360
195.1254,117.664,-195.7587,2361
199.6483,108.215,-196.6479,2362
203.9117,98.651,-197.3021,2363
208.3535,87.217,-198.0459,2364
212.5489,75.582,-198.3699,2365
216.3812,63.787,-198.3699,2366
219.8263,51.908,-198.0459,2367
222.9537,40.046,-197.3021,2368
225.1257,29.804,-196.6479,2369
227.0208,19.5,-195.7587,2370
228.6254,9.193,-194.6436,2371
229.8138,-1.461,-193.4519,2372
230.776,-12.168,-191.9233,2373
231.4315,-22.885,-190.1469,2374
231.7723,-33.551,-188.1385,2375
231.8623,-44.088,-185.8393,2376
231.4405,-54.335,-183.6386,2377
230.7298,-64.538,-181.2145,2378
229.7287,-74.643,-178.5868,3352
224.5992,-83.406,-181.2145,3353
219.1768,-92.079,-183.6386,3354
213.4953,-100.616,-185.8393,3355
207.2286,-109.088,-188.1385,3356
200.6838,-117.517,-190.1469,3357
193.8541,-125.802,-191.9233,3358
186.7822,-133.899,-193.4519,3359
179.5586,-141.819,-194.6436,3360
172.202,-149.215,-195.7587,3361
164.6126,-156.436,-196.6479,3362
156.8349,-163.446,-197.3021,3363
147.3329,-171.204,-198.0459,3364
137.5632,-178.79,-198.3699,3365
127.5302,-186.079,-198.3699,3366
117.2968,-193.027,-198.0459,3367
106.9824,-199.666,-197.3021,3368
97.9122,-204.897,-196.6479,3369
88.6987,-209.883,-195.7587,3370
79.3916,-214.595,-194.6436,3371
69.6266,-219.017,-193.4519,3372
59.7408,-223.241,-191.9233,3373
49.7509,-227.176,-190.1469,3374
39.7125,-230.796,-188.1385,3375
29.7184,-234.138,-185.8393,3376
19.8429,-236.903,-183.6386,3377
9.9195,-239.38,-181.2145,3378
0,-241.551,-178.5868,4352
-9.9195,-239.38,-181.2145,4353
-19.8429,-236.903,-183.6386,4354
-29.7184,-234.138,-185.8393,4355
-39.7125,-230.796,-188.1385,4356
-49.7509,-227.176,-190.1469,4357
-59.7408,-223.241,-191.9233,4358
-69.6266,-219.017,-193.4519,4359
-79.3916,-214.595,-194.6436,4360
-88.6987,-209.883,-195.7587,4361
-97.9122,-204.897,-196.6479,4362
-106.9824,-199.666,-197.3021,4363
-117.2968,-193.027,-198.0459,4364
-127.5302,-186.079,-198.3699,4365
-137.5632,-178.79,-198.3699,4366
-147.3329,-171.204,-198.0459,4367
-156.8349,-163.446,-197.3021,4368
-164.6126,-156.436,-196.6479,4369
-172.202,-149.215,-195.7587,4370
-179.5586,-141.819,-194.6436,4371
-186.7822,-133.899,-193.4519,4372
-193.8541,-125.802,-191.9233,4373
-200.6838,-117.517,-190.1469,4374
-207.2286,-109.088,-188.1385,4375
-213.4953,-100.616,-185.8393,4376
-219.1768,-92.079,-183.6386,4377
-224.5992,-83.406,-181.2145,4378
-229.7287,-74.643,-178.5868,5352
-230.7298,-64.538,-181.2145,5353
-231.4405,-54.335,-183.6386,5354
-231.8622,-44.088,-185.8393,5355
-231.7723,-33.551,-188.1385,5356
-231.4315,-22.885,-190.1469,5357
-230.776,-12.168,-191.9233,5358
-229.8138,-1.461,-193.4519,5359
-228.6254,9.193,-194.6436,5360
-227.0208,19.5,-195.7587,5361
-225.1257,29.804,-196.6479,5362
-222.9537,40.046,-197.3021,5363
-219.8263,51.908,-198.0459,5364
-216.3812,63.787,-198.3699,5365
-212.5489,75.582,-198.3699,5366
-208.3535,87.217,-198.0459,5367
-203.9117,98.651,-197.3021,5368
-199.6483,108.215,-196.6479,5369
-195.1254,117.664,-195.7587,5370
-190.365,126.946,-194.6436,5371
-185.0643,136.264,-193.4519,5372
-179.5492,145.492,-191.9233,5373
-173.7803,154.547,-190.1469,5374
-167.7869,163.376,-188.1385,5375
-161.6657,171.954,-185.8393,5376
-155.3017,179.996,-183.6386,5377
-148.7294,187.833,-181.2145,5378
-141.9801,195.419,-178.5868,1352
-136.2851,204.453,-172.8163,1380
-126.878,208.358,-175.2979,1381
-117.3164,212.008,-177.5659,1382
-107.6119,215.401,-179.6177,1383
-97.4169,218.476,-181.7102,1384
-87.0948,221.266,-183.5655,1385
-76.659,223.767,-185.1812,1386
-66.1232,225.976,-186.5552,1387
-55.8582,227.744,-187.7581,1388
-45.5253,229.233,-188.7322,1389
-35.1369,230.444,-189.4763,1390
-24.7056,231.374,-189.9897,1391
-12.3633,231.964,-190.4739,1392
0,232.16,-190.6355,1393
12.3633,231.964,-190.4739,1394
24.7056,231.374,-189.9897,1395
35.1369,230.444,-189.4763,1396
45.5253,229.233,-188.7322,1397
55.8582,227.744,-187.7581,1398
66.1232,225.976,-186.5552,1399
76.659,223.767,-185.1812,1400
87.0948,221.266,-183.5655,1401
97.4169,218.476,-181.7102,1402
107.6119,215.401,-179.6177,1403
117.3164,212.008,-177.5659,1404
126.878,208.358,-175.2979,1405
136.2851,204.453,-172.8163,1406
145.5263,200.3,-170.1243,2379
152.332,192.795,-172.8163,2380
158.9522,185.055,-175.2979,2381
165.3788,177.089,-177.5659,2382
171.604,168.908,-179.6177,2383
177.679,160.162,-181.7102,2384
183.5221,151.207,-183.5655,2385
189.1257,142.055,-185.1812,2386
194.4825,132.718,-186.5552,2387
199.3354,123.501,-187.7581,2388
203.9455,114.134,-188.7322,2389
208.3071,104.629,-189.4763,2390
212.4149,94.995,-189.9897,2391
216.7898,83.439,-190.4739,2392
220.7973,71.742,-190.6355,2393
224.4307,59.923,-190.4739,2394
227.6838,48.002,-189.9897,2395
230.0228,37.794,-189.4763,2396
232.0817,27.54,-188.7322,2397
233.8577,17.253,-187.7581,2398
235.3489,6.944,-186.5552,2399
236.5036,-3.759,-185.1812,2400
237.3497,-14.457,-183.5655,2401
237.886,-25.136,-181.7102,2402
238.1118,-35.782,-179.6177,2403
237.8843,-46.06,-177.5659,2404
237.3671,-56.282,-175.2979,2405
236.5608,-66.435,-172.8163,2406
235.4664,-76.507,-170.1243,3379
230.4315,-85.299,-172.8163,3380
225.1159,-93.987,-175.2979,3381
219.5261,-102.561,-177.5659,3382
213.669,-111.009,-179.6177,3383
207.2286,-119.49,-181.7102,3384
200.5177,-127.814,-183.5655,3385
193.5452,-135.972,-185.1812,3386
186.32,-143.952,-186.5552,3387
179.0543,-151.415,-187.7581,3388
171.5705,-158.694,-188.7322,3389
163.8777,-165.78,-189.4763,3390
155.9852,-172.663,-189.9897,3391
146.3467,-180.395,-190.4739,3392
136.4603,-187.821,-190.6355,3393
126.3425,-194.929,-190.4739,3394
116.0107,-201.706,-189.9897,3395
107.0251,-207.085,-189.4763,3396
97.9091,-212.212,-188.7322,3397
88.6738,-217.08,-187.7581,3398
79.3305,-221.684,-186.5552,3399
69.5083,-226.09,-185.1812,3400
59.5954,-230.2,-183.5655,3401
49.6047,-234.01,-181.7102,3402
39.5493,-237.515,-179.6177,3403
29.7042,-240.474,-177.5659,3404
19.8229,-243.141,-175.2979,3405
9.9175,-245.512,-172.8163,3406
0,-247.584,-170.1243,4379
-9.9175,-245.512,-172.8163,4380
-19.8229,-243.141,-175.2979,4381
-29.7042,-240.474,-177.5659,4382
-39.5493,-237.515,-179.6177,4383
-49.6047,-234.01,-181.7102,4384
-59.5954,-230.2,-183.5655,4385
-69.5083,-226.09,-185.1812,4386
-79.3305,-221.684,-186.5552,4387
-88.6738,-217.08,-187.7581,4388
-97.9091,-212.212,-188.7322,4389
-107.0251,-207.085,-189.4763,4390
-116.0107,-201.706,-189.9897,4391
-126.3425,-194.929,-190.4739,4392
-136.4603,-187.821,-190.6355,4393
-146.3467,-180.395,-190.4739,4394
-155.9852,-172.663,-189.9897,4395
-163.8777,-165.78,-189.4763,4396
-171.5705,-158.694,-188.7322,4397
-179.0543,-151.415,-187.7581,4398
-186.32,-143.952,-186.5552,4399
-193.5452,-135.972,-185.1812,4400
-200.5177,-127.814,-183.5655,4401
-207.2286,-119.49,-181.7102,4402
-213.669,-111.009,-179.6177,4403
-219.5261,-102.561,-177.5659,4404
-225.1159,-93.987,-175.2979,4405
-230.4315,-85.299,-172.8163,4406
-235.4664,-76.507,-170.1243,5379
-236.5608,-66.435,-172.8163,5380
-237.3671,-56.282,-175.2979,5381
-237.8843,-46.06,-177.5659,5382
-238.1118,-35.782,-179.6177,5383
-237.886,-25.136,-181.7102,5384
-237.3497,-14.457,-183.5655,5385
-236.5036,-3.759,-185.1812,5386
-235.3489,6.944,-186.5552,5387
-233.8577,17.253,-187.7581,5388
-232.0817,27.54,-188.7322,5389
-230.0228,37.794,-189.4763,5390
-227.6838,48.002,-189.9897,5391
-224.4307,59.923,-190.4739,5392
-220.7973,71.742,-190.6355,5393
-216.7898,83.439,-190.4739,5394
-212.4149,94.995,-189.9897,5395
-208.3071,104.629,-189.4763,5396
-203.9455,114.134,-188.7322,5397
-199.3354,123.501,-187.7581,5398
-194.4825,132.718,-186.5552,5399
-189.1257,142.055,-185.1812,5400
-183.5221,151.207,-183.5655,5401
-177.679,160.162,-181.7102,5402
-171.604,168.908,-179.6177,5403
-165.3788,177.089,-177.5659,5404
-158.9522,185.055,-175.2979,5405
-152.332,192.795,-172.8163,5406
-145.5263,200.3,-170.1243,1379
-120.8735,216.939,-169.0189,1407
-111.2083,220.416,-171.1434,1408
-101.4685,223.561,-173.1041,1409
-91.1861,226.457,-175.0499,1410
-80.7616,229.069,-176.7629,1411
-74.2966,236.499,-169.6718,1432
-70.2549,231.386,-178.2278,1412
-64.1622,238.536,-170.9512,1433
-60.0838,233.313,-179.4304,1413
-53.9506,240.285,-172.0251,1434
-49.7705,234.913,-180.4967,1414
-43.5818,241.724,-172.9469,1435
-39.3734,236.235,-181.3369,1415
-33.1597,242.866,-173.6572,1436
-28.9515,237.275,-181.942,1416
-22.789,243.683,-174.1821,1437
-18.5626,237.974,-182.3842,1417
-12.391,244.208,-174.4976,1438
-6.2003,238.369,-182.7081,1418
0,244.416,-174.6462,1439
6.2003,238.369,-182.7081,1419
12.391,244.208,-174.4976,1440
18.5626,237.974,-182.3842,1420
22.789,243.683,-174.1821,1441
28.9515,237.275,-181.942,1421
33.1597,242.866,-173.6572,1442
39.3734,236.235,-181.3369,1422
43.5818,241.724,-172.9469,1443
49.7705,234.913,-180.4967,1423
53.9506,240.285,-172.0251,1444
60.0838,233.313,-179.4304,1424
64.1622,238.536,-170.9512,1445
70.2549,231.386,-178.2278,1425
74.2966,236.499,-169.6718,1446
80.7616,229.069,-176.7629,1426
91.1861,226.457,-175.0499,1427
101.4685,223.561,-173.1041,1428
111.2083,220.416,-171.1434,1429
120.8735,216.939,-169.0189,1430
168.969,181.996,-169.0189,2407
175.262,173.878,-171.1434,2408
181.2632,165.587,-173.1041,2409
187.1954,156.703,-175.0499,2410
192.9009,147.595,-176.7629,2411
201.9648,143.743,-169.6718,2432
198.3508,138.319,-178.2278,2412
207.0333,134.734,-170.9512,2433
203.3267,129.241,-179.4304,2413
211.8529,125.563,-172.0251,2434
208.0354,119.927,-180.4967,2414
216.425,116.146,-172.9469,2435
212.5055,110.447,-181.3369,2415
220.7322,106.587,-173.6572,2436
216.7148,100.857,-181.942,2416
224.7142,96.976,-174.1821,2437
220.5905,91.193,-182.3842,2417
228.4259,87.249,-174.4976,2438
224.7858,79.557,-182.7081,2418
232.4528,75.529,-174.6462,2439
228.6178,67.763,-182.7081,2419
236.084,63.68,-174.4976,2440
232.0628,55.884,-182.3842,2420
238.7986,53.629,-174.1821,2441
234.6078,45.788,-181.942,2421
241.226,43.513,-173.6572,2442
236.8396,35.555,-181.3369,2422
243.36,33.248,-172.9469,2443
238.7952,25.258,-180.4967,2423
245.1963,22.942,-172.0251,2444
240.4605,14.955,-179.4304,2424
246.6877,12.69,-170.9512,2445
241.7707,4.686,-178.2278,2425
247.8826,2.422,-169.6718,2446
242.8143,-6.022,-176.7629,2426
243.5515,-16.744,-175.0499,2427
243.9742,-27.418,-173.1041,2428
243.9925,-37.653,-171.1434,2429
243.6729,-47.919,-169.0189,2430
225.302,-104.459,-169.0189,3407
219.5261,-112.953,-171.1434,3408
213.4953,-121.222,-173.1041,3409
206.8792,-129.609,-175.0499,3410
199.9809,-137.85,-176.7629,3411
199.1177,-147.661,-169.6718,3432
192.8425,-145.9,-178.2278,3412
192.1158,-155.265,-170.9512,3433
185.7466,-153.437,-179.4304,3413
184.8829,-162.683,-172.0251,3434
178.3434,-160.794,-180.4967,3414
177.3398,-169.941,-172.9469,3435
170.709,-167.974,-181.3369,3415
169.5797,-176.991,-173.6572,3436
162.8886,-174.941,-181.942,3416
161.67,-183.748,-174.1821,3437
154.8951,-181.614,-182.3842,3417
153.566,-190.284,-174.4976,3438
145.1256,-189.199,-182.7081,3418
143.6637,-197.736,-174.6462,3439
135.0933,-196.488,-182.7081,3419
133.5169,-204.851,-174.4976,3440
124.8601,-203.435,-182.3842,3420
124.7966,-210.538,-174.1821,3441
116.0441,-208.976,-181.942,3421
115.9262,-215.973,-173.6572,3442
107.0016,-214.261,-181.3369,3422
106.823,-221.175,-172.9469,3443
97.813,-219.302,-180.4967,3423
97.589,-226.106,-172.0251,3444
88.5289,-224.07,-179.4304,3424
88.2992,-230.692,-170.9512,3445
79.1676,-228.489,-178.2278,3425
78.9032,-235.002,-169.6718,3446
69.3059,-232.791,-176.7629,3426
59.337,-236.805,-175.0499,3427
49.3159,-240.506,-173.1041,3428
39.5874,-243.686,-171.1434,3429
29.7247,-246.554,-169.0189,3430
-29.7247,-246.554,-169.0189,4407
-39.5874,-243.686,-171.1434,4408
-49.3159,-240.506,-173.1041,4409
-59.337,-236.805,-175.0499,4410
-69.3059,-232.791,-176.7629,4411
-78.9032,-235.002,-169.6718,4432
-79.1676,-228.489,-178.2278,4412
-88.2992,-230.692,-170.9512,4433
-88.5289,-224.07,-179.4304,4413
-97.589,-226.106,-172.0251,4434
-97.813,-219.302,-180.4967,4414
-106.823,-221.175,-172.9469,4435
-107.0016,-214.261,-181.3369,4415
-115.9262,-215.973,-173.6572,4436
-116.0441,-208.976,-181.942,4416
-124.7966,-210.538,-174.1821,4437
-124.8601,-203.435,-182.3842,4417
-133.5169,-204.851,-174.4976,4438
-135.0933,-196.488,-182.7081,4418
-143.6637,-197.736,-174.6462,4439
-145.1256,-189.199,-182.7081,4419
-153.566,-190.284,-174.4976,4440
-154.895,-181.614,-182.3842,4420
-161.67,-183.748,-174.1821,4441
-162.8886,-174.941,-181.942,4421
-169.5797,-176.991,-173.6572,4442
-170.709,-167.974,-181.3369,4422
-177.3398,-169.941,-172.9469,4443
-178.3434,-160.794,-180.4967,4423
-184.8829,-162.683,-172.0251,4444
-185.7466,-153.437,-179.4304,4424
-192.1158,-155.265,-170.9512,4445
-192.8425,-145.9,-178.2278,4425
-199.1177,-147.661,-169.6718,4446
-199.9809,-137.85,-176.7629,4426
-206.8792,-129.609,-175.0499,4427
-213.4953,-121.222,-173.1041,4428
-219.5261,-112.953,-171.1434,4429
-225.302,-104.459,-169.0189,4430
-243.6729,-47.919,-169.0189,5407
-243.9925,-37.653,-171.1434,5408
-243.9742,-27.418,-173.1041,5409
-243.5515,-16.744,-175.0499,5410
-247.8826,2.422,-169.6718,5432
-242.8143,-6.022,-176.7629,5411
-246.6877,12.69,-170.9512,5433
-241.7707,4.686,-178.2278,5412
-245.1963,22.942,-172.0251,5434
-240.4605,14.955,-179.4304,5413
-243.36,33.248,-172.9469,5435
-238.7952,25.258,-180.4967,5414
-241.226,43.513,-173.6572,5436
-236.8396,35.555,-181.3369,5415
-238.7986,53.629,-174.1821,5437
-234.6078,45.788,-181.942,5416
-236.084,63.68,-174.4976,5438
-232.0628,55.884,-182.3842,5417
-232.4528,75.529,-174.6462,5439
-228.6178,67.763,-182.7081,5418
-228.4259,87.249,-174.4976,5440
-224.7858,79.557,-182.7081,5419
-224.7142,96.976,-174.1821,5441
-220.5905,91.193,-182.3842,5420
-220.7322,106.587,-173.6572,5442
-216.7148,100.857,-181.942,5421
-216.425,116.146,-172.9469,5443
-212.5055,110.447,-181.3369,5422
-211.8529,125.563,-172.0251,5444
-208.0354,119.927,-180.4967,5423
-207.0333,134.734,-170.9512,5445
-203.3267,129.241,-179.4304,5424
-201.9648,143.743,-169.6718,5446
-198.3508,138.319,-178.2278,5425
-192.9009,147.595,-176.7629,5426
-187.1954,156.703,-175.0499,5427
-181.2632,165.587,-173.1041,5428
-175.262,173.878,-171.1434,5429
-168.969,181.996,-169.0189,5430
